path,bytes,ext
C:/ReposGitHub/goodwin_model/outputs/wealth_goodwin/analysis/manifest_plots.csv,28202,csv
C:/ReposGitHub/goodwin_model/outputs/wealth_goodwin/grid_search/gate_diagnostics.csv.tex,0,tex
C:/ReposGitHub/goodwin_model/outputs/wealth_goodwin/grid_search/grid_results.csv,17933419,csv
C:/ReposGitHub/goodwin_model/outputs/wealth_goodwin/grid_search/grid_results_augmented.csv,17933419,csv
C:/ReposGitHub/goodwin_model/outputs/wealth_goodwin/grid_search/grid_search_gallery_auto_REL.aux,7933,aux
C:/ReposGitHub/goodwin_model/outputs/wealth_goodwin/grid_search/grid_search_gallery_auto_REL.bbl,0,bbl
C:/ReposGitHub/goodwin_model/outputs/wealth_goodwin/grid_search/grid_search_gallery_auto_REL.blg,1122,blg
C:/ReposGitHub/goodwin_model/outputs/wealth_goodwin/grid_search/grid_search_gallery_auto_REL.log,43884,log
C:/ReposGitHub/goodwin_model/outputs/wealth_goodwin/grid_search/grid_search_gallery_auto_REL.out,2410,out
C:/ReposGitHub/goodwin_model/outputs/wealth_goodwin/grid_search/grid_search_gallery_auto_REL.pdf,1649759,pdf
C:/ReposGitHub/goodwin_model/outputs/wealth_goodwin/grid_search/grid_search_gallery_auto_REL.synctex.gz,28854,gz
C:/ReposGitHub/goodwin_model/outputs/wealth_goodwin/grid_search/grid_search_gallery_auto_REL.tex,9893,tex
C:/ReposGitHub/goodwin_model/outputs/wealth_goodwin/grid_search/hopf_roots.csv,71217,csv
C:/ReposGitHub/goodwin_model/outputs/wealth_goodwin/grid_search/manifest_outputs.csv,13501,csv
C:/ReposGitHub/goodwin_model/outputs/wealth_goodwin/grid_search/manifest_stage5.csv,18065,csv
C:/ReposGitHub/goodwin_model/outputs/wealth_goodwin/grid_search/sessionInfo.txt,1453,txt
C:/ReposGitHub/goodwin_model/outputs/wealth_goodwin/grid_search/stage5_merged_handle.csv,26585,csv
C:/ReposGitHub/goodwin_model/outputs/wealth_goodwin/grid_search/stage5_summary_index.csv,342,csv
C:/ReposGitHub/goodwin_model/outputs/wealth_goodwin/manifest_outputs.csv,54667,csv
C:/ReposGitHub/goodwin_model/outputs/wealth_goodwin/old_output/01_outputs_manifest.csv,1170,csv
C:/ReposGitHub/goodwin_model/outputs/wealth_goodwin/old_output/02_plane_summary.csv,253,csv
C:/ReposGitHub/goodwin_model/outputs/wealth_goodwin/old_output/03_plane_H_audit.csv,481,csv
C:/ReposGitHub/goodwin_model/outputs/wealth_goodwin/old_output/04_scenarios_reclassified.csv,741,csv
C:/ReposGitHub/goodwin_model/outputs/wealth_goodwin/old_output/FIG_A_hopf_plane_signH_phi1_lambda.png,39348,png
C:/ReposGitHub/goodwin_model/outputs/wealth_goodwin/old_output/FIG_B_hopf_plane_signH_phi1_i.png,39487,png
C:/ReposGitHub/goodwin_model/outputs/wealth_goodwin/old_output/FIG_B_hopf_plane_signH_r0_lambda.png,46967,png
C:/ReposGitHub/goodwin_model/outputs/wealth_goodwin/old_output/PLOT_plane_H_quantiles.png,25471,png
C:/ReposGitHub/goodwin_model/outputs/wealth_goodwin/old_output/PLOT_plane_selection_scatter.png,59604,png
C:/ReposGitHub/goodwin_model/outputs/wealth_goodwin/old_output/PLOT_scenarios_amplitudes_vs_lambdaRel.png,73413,png
C:/ReposGitHub/goodwin_model/outputs/wealth_goodwin/old_output/PLOT_scenarios_eAmp_vs_lambdaRel_audit.png,26013,png
C:/ReposGitHub/goodwin_model/outputs/wealth_goodwin/old_output/PLOT_scenarios_period_vs_lambdaRel.png,43737,png
C:/ReposGitHub/goodwin_model/outputs/wealth_goodwin/old_output/TABLE_outputs_review_manifest.csv,1393,csv
C:/ReposGitHub/goodwin_model/outputs/wealth_goodwin/old_output/TABLE_plane_H_audit.csv,698,csv
C:/ReposGitHub/goodwin_model/outputs/wealth_goodwin/old_output/TABLE_plane_ranking_tidy.csv,883,csv
C:/ReposGitHub/goodwin_model/outputs/wealth_goodwin/old_output/TABLE_plane_summary_for_review.csv,485,csv
C:/ReposGitHub/goodwin_model/outputs/wealth_goodwin/old_output/TABLE_scenarios_audit_reclassified.csv,1779,csv
C:/ReposGitHub/goodwin_model/outputs/wealth_goodwin/old_output/TABLE_scenarios_review_for_paper.csv,698,csv
C:/ReposGitHub/goodwin_model/outputs/wealth_goodwin/old_output/TABLE_scenarios_tail_diagnostics.csv,1376,csv
C:/ReposGitHub/goodwin_model/outputs/wealth_goodwin/old_output/TABLE_scenarios_tidy.csv,1427,csv
C:/ReposGitHub/goodwin_model/outputs/wealth_goodwin/old_output/analysis/manifest_analysis.csv,472,csv
C:/ReposGitHub/goodwin_model/outputs/wealth_goodwin/old_output/analysis/plot_cycle_geometry_above.png,36106,png
C:/ReposGitHub/goodwin_model/outputs/wealth_goodwin/old_output/analysis/plot_cycle_rate_knobs.png,33840,png
C:/ReposGitHub/goodwin_model/outputs/wealth_goodwin/old_output/analysis/plot_robust_tradeoff.png,26550,png
C:/ReposGitHub/goodwin_model/outputs/wealth_goodwin/old_output/analysis/plot_score_stage5_hist.png,16212,png
C:/ReposGitHub/goodwin_model/outputs/wealth_goodwin/old_output/analysis/stage5_above_bounds_diagnosis.csv,1457,csv
C:/ReposGitHub/goodwin_model/outputs/wealth_goodwin/old_output/analysis/stage5_above_cycle_candidates_plots.png,111331,png
C:/ReposGitHub/goodwin_model/outputs/wealth_goodwin/old_output/analysis/stage5_counts.csv,97,csv
C:/ReposGitHub/goodwin_model/outputs/wealth_goodwin/old_output/analysis/stage5_decision_table.csv,27566,csv
C:/ReposGitHub/goodwin_model/outputs/wealth_goodwin/old_output/analysis/stage5_files_present.csv,547,csv
C:/ReposGitHub/goodwin_model/outputs/wealth_goodwin/old_output/analysis/stage5_report.txt,1206,txt
C:/ReposGitHub/goodwin_model/outputs/wealth_goodwin/old_output/analysis/stage5_top20_decision.csv,14191,csv
C:/ReposGitHub/goodwin_model/outputs/wealth_goodwin/old_output/best_results/best_candidates_top50.csv,17495,csv
C:/ReposGitHub/goodwin_model/outputs/wealth_goodwin/old_output/best_results/hopf_roots.csv,6418,csv
C:/ReposGitHub/goodwin_model/outputs/wealth_goodwin/old_output/best_results/plots/econok_rFeff_vs_phi2.png,157136,png
C:/ReposGitHub/goodwin_model/outputs/wealth_goodwin/old_output/best_results/plots/hopf_tiles_psi_phi2.png,42768,png
C:/ReposGitHub/goodwin_model/outputs/wealth_goodwin/old_output/best_results/plots/pinning_omega_vs_rstar.png,43278,png
C:/ReposGitHub/goodwin_model/outputs/wealth_goodwin/old_output/best_results/plots/regime_counts.png,43251,png
C:/ReposGitHub/goodwin_model/outputs/wealth_goodwin/old_output/best_results/results.csv,1652318,csv
C:/ReposGitHub/goodwin_model/outputs/wealth_goodwin/old_output/best_results/results_augmented.csv,2033828,csv
C:/ReposGitHub/goodwin_model/outputs/wealth_goodwin/old_output/best_results/sessionInfo.txt,1775,txt
C:/ReposGitHub/goodwin_model/outputs/wealth_goodwin/old_output/best_results/sims/plots/phase_omega_e_S01.png,178591,png
C:/ReposGitHub/goodwin_model/outputs/wealth_goodwin/old_output/best_results/sims/plots/phase_omega_e_S02.png,165553,png
C:/ReposGitHub/goodwin_model/outputs/wealth_goodwin/old_output/best_results/sims/plots/phase_omega_e_S03.png,152027,png
C:/ReposGitHub/goodwin_model/outputs/wealth_goodwin/old_output/best_results/sims/plots/phase_omega_e_S04.png,186788,png
C:/ReposGitHub/goodwin_model/outputs/wealth_goodwin/old_output/best_results/sims/plots/phase_omega_e_S05.png,167646,png
C:/ReposGitHub/goodwin_model/outputs/wealth_goodwin/old_output/best_results/sims/plots/phase_omega_e_S06.png,156853,png
C:/ReposGitHub/goodwin_model/outputs/wealth_goodwin/old_output/best_results/sims/plots/phase_omega_e_S07.png,215124,png
C:/ReposGitHub/goodwin_model/outputs/wealth_goodwin/old_output/best_results/sims/plots/phase_omega_e_S08.png,181096,png
C:/ReposGitHub/goodwin_model/outputs/wealth_goodwin/old_output/best_results/sims/plots/phase_omega_e_S09.png,163492,png
C:/ReposGitHub/goodwin_model/outputs/wealth_goodwin/old_output/best_results/sims/plots/time_S01.png,188868,png
C:/ReposGitHub/goodwin_model/outputs/wealth_goodwin/old_output/best_results/sims/plots/time_S02.png,178298,png
C:/ReposGitHub/goodwin_model/outputs/wealth_goodwin/old_output/best_results/sims/plots/time_S03.png,178284,png
C:/ReposGitHub/goodwin_model/outputs/wealth_goodwin/old_output/best_results/sims/plots/time_S04.png,192924,png
C:/ReposGitHub/goodwin_model/outputs/wealth_goodwin/old_output/best_results/sims/plots/time_S05.png,181613,png
C:/ReposGitHub/goodwin_model/outputs/wealth_goodwin/old_output/best_results/sims/plots/time_S06.png,181030,png
C:/ReposGitHub/goodwin_model/outputs/wealth_goodwin/old_output/best_results/sims/plots/time_S07.png,201613,png
C:/ReposGitHub/goodwin_model/outputs/wealth_goodwin/old_output/best_results/sims/plots/time_S08.png,188107,png
C:/ReposGitHub/goodwin_model/outputs/wealth_goodwin/old_output/best_results/sims/plots/time_S09.png,182071,png
C:/ReposGitHub/goodwin_model/outputs/wealth_goodwin/old_output/best_results/sims/scenario_shortlist.csv,188,csv
C:/ReposGitHub/goodwin_model/outputs/wealth_goodwin/old_output/best_results/sims/scenario_summary.csv,3031,csv
C:/ReposGitHub/goodwin_model/outputs/wealth_goodwin/old_output/best_results/sims/scenarios.csv,464,csv
C:/ReposGitHub/goodwin_model/outputs/wealth_goodwin/old_output/best_results/sims/sessionInfo.txt,1368,txt
C:/ReposGitHub/goodwin_model/outputs/wealth_goodwin/old_output/best_results/sims/trajectories/scenario_S01.csv,432809,csv
C:/ReposGitHub/goodwin_model/outputs/wealth_goodwin/old_output/best_results/sims/trajectories/scenario_S02.csv,359901,csv
C:/ReposGitHub/goodwin_model/outputs/wealth_goodwin/old_output/best_results/sims/trajectories/scenario_S03.csv,326633,csv
C:/ReposGitHub/goodwin_model/outputs/wealth_goodwin/old_output/best_results/sims/trajectories/scenario_S04.csv,449837,csv
C:/ReposGitHub/goodwin_model/outputs/wealth_goodwin/old_output/best_results/sims/trajectories/scenario_S05.csv,356866,csv
C:/ReposGitHub/goodwin_model/outputs/wealth_goodwin/old_output/best_results/sims/trajectories/scenario_S06.csv,310638,csv
C:/ReposGitHub/goodwin_model/outputs/wealth_goodwin/old_output/best_results/sims/trajectories/scenario_S07.csv,487289,csv
C:/ReposGitHub/goodwin_model/outputs/wealth_goodwin/old_output/best_results/sims/trajectories/scenario_S08.csv,377639,csv
C:/ReposGitHub/goodwin_model/outputs/wealth_goodwin/old_output/best_results/sims/trajectories/scenario_S09.csv,312754,csv
C:/ReposGitHub/goodwin_model/outputs/wealth_goodwin/old_output/best_results/summary/absH_tiles_psi_phi2.png,41796,png
C:/ReposGitHub/goodwin_model/outputs/wealth_goodwin/old_output/best_results/summary/econok_cloud_rFeff_phi2.png,152454,png
C:/ReposGitHub/goodwin_model/outputs/wealth_goodwin/old_output/best_results/summary/headline.csv,132,csv
C:/ReposGitHub/goodwin_model/outputs/wealth_goodwin/old_output/best_results/summary/hopf_tiles_from_hopf_roots.png,40540,png
C:/ReposGitHub/goodwin_model/outputs/wealth_goodwin/old_output/best_results/summary/near_hopf_top100.csv,36562,csv
C:/ReposGitHub/goodwin_model/outputs/wealth_goodwin/old_output/best_results/summary/period_vs_phi2_stable_osc.png,73066,png
C:/ReposGitHub/goodwin_model/outputs/wealth_goodwin/old_output/best_results/summary/ranges_econ_ok.csv,919,csv
C:/ReposGitHub/goodwin_model/outputs/wealth_goodwin/old_output/best_results/summary/regime_counts.csv,107,csv
C:/ReposGitHub/goodwin_model/outputs/wealth_goodwin/old_output/best_results/summary/regimes_within_econok.png,165172,png
C:/ReposGitHub/goodwin_model/outputs/wealth_goodwin/old_output/best_results/summary/top20_candidates.csv,4379,csv
C:/ReposGitHub/goodwin_model/outputs/wealth_goodwin/old_output/best_results_targetOmega/best_candidates_top50.csv,196,csv
C:/ReposGitHub/goodwin_model/outputs/wealth_goodwin/old_output/best_results_targetOmega/hopf_roots.csv,18,csv
C:/ReposGitHub/goodwin_model/outputs/wealth_goodwin/old_output/best_results_targetOmega/plots/econok_rFeff_vs_phi2.png,166514,png
C:/ReposGitHub/goodwin_model/outputs/wealth_goodwin/old_output/best_results_targetOmega/plots/pinning_omega_vs_rstar.png,42578,png
C:/ReposGitHub/goodwin_model/outputs/wealth_goodwin/old_output/best_results_targetOmega/plots/regime_counts.png,33304,png
C:/ReposGitHub/goodwin_model/outputs/wealth_goodwin/old_output/best_results_targetOmega/results.csv,1857026,csv
C:/ReposGitHub/goodwin_model/outputs/wealth_goodwin/old_output/best_results_targetOmega/results_augmented.csv,2244997,csv
C:/ReposGitHub/goodwin_model/outputs/wealth_goodwin/old_output/best_results_targetOmega/sessionInfo.txt,1401,txt
C:/ReposGitHub/goodwin_model/outputs/wealth_goodwin/old_output/best_results_targetOmega_v4/best_candidates_top50.csv,205,csv
C:/ReposGitHub/goodwin_model/outputs/wealth_goodwin/old_output/best_results_targetOmega_v4/hopf_roots.csv,36,csv
C:/ReposGitHub/goodwin_model/outputs/wealth_goodwin/old_output/best_results_targetOmega_v4/plots/econok_rFeff_vs_phi2.png,88496,png
C:/ReposGitHub/goodwin_model/outputs/wealth_goodwin/old_output/best_results_targetOmega_v4/plots/pinning_omega_vs_rstar.png,26405,png
C:/ReposGitHub/goodwin_model/outputs/wealth_goodwin/old_output/best_results_targetOmega_v4/plots/regime_counts.png,28841,png
C:/ReposGitHub/goodwin_model/outputs/wealth_goodwin/old_output/best_results_targetOmega_v4/results.csv,13419404,csv
C:/ReposGitHub/goodwin_model/outputs/wealth_goodwin/old_output/best_results_targetOmega_v4/results_augmented.csv,16213633,csv
C:/ReposGitHub/goodwin_model/outputs/wealth_goodwin/old_output/best_results_targetOmega_v4/sessionInfo.txt,1247,txt
C:/ReposGitHub/goodwin_model/outputs/wealth_goodwin/old_output/diagnostics/failure_reasons.csv,110,csv
C:/ReposGitHub/goodwin_model/outputs/wealth_goodwin/old_output/diagnostics/heat_hopf_root_surface.png,35314,png
C:/ReposGitHub/goodwin_model/outputs/wealth_goodwin/old_output/diagnostics/heat_period_stable_osc_phi2slice.png,44467,png
C:/ReposGitHub/goodwin_model/outputs/wealth_goodwin/old_output/diagnostics/heat_rh_ok_phi2slice.png,40218,png
C:/ReposGitHub/goodwin_model/outputs/wealth_goodwin/old_output/diagnostics/heat_stable_phi2slice.png,42975,png
C:/ReposGitHub/goodwin_model/outputs/wealth_goodwin/old_output/diagnostics/hopf_slice_sigma.png,39026,png
C:/ReposGitHub/goodwin_model/outputs/wealth_goodwin/old_output/diagnostics/hopf_tiles_psi_phi2_by_sigma.png,72382,png
C:/ReposGitHub/goodwin_model/outputs/wealth_goodwin/old_output/diagnostics/locked_check.csv,185,csv
C:/ReposGitHub/goodwin_model/outputs/wealth_goodwin/old_output/diagnostics/ranges_by_regime.csv,1856,csv
C:/ReposGitHub/goodwin_model/outputs/wealth_goodwin/old_output/diagnostics/regime_counts.csv,185,csv
C:/ReposGitHub/goodwin_model/outputs/wealth_goodwin/old_output/diagnostics/scatter_omega_vs_rstar.png,38081,png
C:/ReposGitHub/goodwin_model/outputs/wealth_goodwin/old_output/hopf_plane_phi1_i.csv,2470865,csv
C:/ReposGitHub/goodwin_model/outputs/wealth_goodwin/old_output/hopf_plane_phi1_lambda.csv,2525424,csv
C:/ReposGitHub/goodwin_model/outputs/wealth_goodwin/old_output/hopf_plane_r0_lambda.csv,2520603,csv
C:/ReposGitHub/goodwin_model/outputs/wealth_goodwin/old_output/hopf_plane_scores.csv,1244,csv
C:/ReposGitHub/goodwin_model/outputs/wealth_goodwin/old_output/phase_end_omega_vs_e_phi1_0.100_lambda_above_72.00.png,196550,png
C:/ReposGitHub/goodwin_model/outputs/wealth_goodwin/old_output/phase_end_omega_vs_e_phi1_0.100_lambda_below_42.00.png,134999,png
C:/ReposGitHub/goodwin_model/outputs/wealth_goodwin/old_output/phase_end_omega_vs_e_phi1_0.100_lambda_near_58.80.png,303380,png
C:/ReposGitHub/goodwin_model/outputs/wealth_goodwin/old_output/phase_end_xi_vs_d_phi1_0.100_lambda_above_72.00.png,102535,png
C:/ReposGitHub/goodwin_model/outputs/wealth_goodwin/old_output/phase_end_xi_vs_d_phi1_0.100_lambda_below_42.00.png,81020,png
C:/ReposGitHub/goodwin_model/outputs/wealth_goodwin/old_output/phase_end_xi_vs_d_phi1_0.100_lambda_near_58.80.png,89293,png
C:/ReposGitHub/goodwin_model/outputs/wealth_goodwin/old_output/plots/density_psi_phi2.png,105040,png
C:/ReposGitHub/goodwin_model/outputs/wealth_goodwin/old_output/plots/density_sigma_phi2.png,187854,png
C:/ReposGitHub/goodwin_model/outputs/wealth_goodwin/old_output/plots/density_sigma_rFtilde.png,185793,png
C:/ReposGitHub/goodwin_model/outputs/wealth_goodwin/old_output/plots/ext_heat_rhOK_rF_rFtilde_sigma_phi2_slice.png,33265,png
C:/ReposGitHub/goodwin_model/outputs/wealth_goodwin/old_output/plots/ext_heat_rhOK_rF_vs_rFeff_slice.png,33219,png
C:/ReposGitHub/goodwin_model/outputs/wealth_goodwin/old_output/plots/ext_heat_stable_rF_rFtilde_sigma_phi2_slice.png,22051,png
C:/ReposGitHub/goodwin_model/outputs/wealth_goodwin/old_output/plots/ext_heat_stable_rF_vs_rFeff_slice.png,19071,png
C:/ReposGitHub/goodwin_model/outputs/wealth_goodwin/old_output/plots/feasible_rF_vs_phi2.png,76921,png
C:/ReposGitHub/goodwin_model/outputs/wealth_goodwin/old_output/plots/feasible_rF_vs_rFtilde.png,96375,png
C:/ReposGitHub/goodwin_model/outputs/wealth_goodwin/old_output/plots/feasible_rFeff_vs_phi2.png,141049,png
C:/ReposGitHub/goodwin_model/outputs/wealth_goodwin/old_output/plots/feasible_rFtilde_vs_phi2.png,75558,png
C:/ReposGitHub/goodwin_model/outputs/wealth_goodwin/old_output/plots/feasible_sigma_vs_phi2.png,65642,png
C:/ReposGitHub/goodwin_model/outputs/wealth_goodwin/old_output/plots/feasible_sigma_vs_psi.png,75237,png
C:/ReposGitHub/goodwin_model/outputs/wealth_goodwin/old_output/plots/feasible_sigma_vs_rFtilde.png,79786,png
C:/ReposGitHub/goodwin_model/outputs/wealth_goodwin/old_output/plots/heat_H_rF_rFtilde_sigma_phi2_slice.png,15075,png
C:/ReposGitHub/goodwin_model/outputs/wealth_goodwin/old_output/plots/heat_fstar_rF_rFtilde_sigma_phi2_slice.png,16017,png
C:/ReposGitHub/goodwin_model/outputs/wealth_goodwin/old_output/plots/heat_maxReEig_rF_rFtilde_sigma_phi2_slice.png,16952,png
C:/ReposGitHub/goodwin_model/outputs/wealth_goodwin/old_output/plots/hopf_paramspace_3d.html,3973954,html
C:/ReposGitHub/goodwin_model/outputs/wealth_goodwin/old_output/plots/hopf_paramspace_3d.png,185030,png
C:/ReposGitHub/goodwin_model/outputs/wealth_goodwin/old_output/plots/hopf_paramspace_3d_files/crosstalk-1.2.1/css/crosstalk.min.css,1307,css
C:/ReposGitHub/goodwin_model/outputs/wealth_goodwin/old_output/plots/hopf_paramspace_3d_files/crosstalk-1.2.1/js/crosstalk.js,50504,js
C:/ReposGitHub/goodwin_model/outputs/wealth_goodwin/old_output/plots/hopf_paramspace_3d_files/crosstalk-1.2.1/js/crosstalk.js.map,54889,map
C:/ReposGitHub/goodwin_model/outputs/wealth_goodwin/old_output/plots/hopf_paramspace_3d_files/crosstalk-1.2.1/js/crosstalk.min.js,18926,js
C:/ReposGitHub/goodwin_model/outputs/wealth_goodwin/old_output/plots/hopf_paramspace_3d_files/crosstalk-1.2.1/js/crosstalk.min.js.map,50338,map
C:/ReposGitHub/goodwin_model/outputs/wealth_goodwin/old_output/plots/hopf_paramspace_3d_files/crosstalk-1.2.1/scss/crosstalk.scss,1891,scss
C:/ReposGitHub/goodwin_model/outputs/wealth_goodwin/old_output/plots/hopf_paramspace_3d_files/htmltools-fill-0.5.8.1/fill.css,606,css
C:/ReposGitHub/goodwin_model/outputs/wealth_goodwin/old_output/plots/hopf_paramspace_3d_files/htmlwidgets-1.6.4/htmlwidgets.js,34091,js
C:/ReposGitHub/goodwin_model/outputs/wealth_goodwin/old_output/plots/hopf_paramspace_3d_files/jquery-3.5.1/jquery-AUTHORS.txt,13726,txt
C:/ReposGitHub/goodwin_model/outputs/wealth_goodwin/old_output/plots/hopf_paramspace_3d_files/jquery-3.5.1/jquery.js,298502,js
C:/ReposGitHub/goodwin_model/outputs/wealth_goodwin/old_output/plots/hopf_paramspace_3d_files/jquery-3.5.1/jquery.min.js,89478,js
C:/ReposGitHub/goodwin_model/outputs/wealth_goodwin/old_output/plots/hopf_paramspace_3d_files/jquery-3.5.1/jquery.min.map,137986,map
C:/ReposGitHub/goodwin_model/outputs/wealth_goodwin/old_output/plots/hopf_paramspace_3d_files/plotly-binding-4.10.4/plotly.js,34699,js
C:/ReposGitHub/goodwin_model/outputs/wealth_goodwin/old_output/plots/hopf_paramspace_3d_files/plotly-htmlwidgets-css-2.11.1/plotly-htmlwidgets.css,182,css
C:/ReposGitHub/goodwin_model/outputs/wealth_goodwin/old_output/plots/hopf_paramspace_3d_files/plotly-main-2.11.1/plotly-latest.min.js,3665901,js
C:/ReposGitHub/goodwin_model/outputs/wealth_goodwin/old_output/plots/hopf_paramspace_3d_files/typedarray-0.1/typedarray.min.js,22444,js
C:/ReposGitHub/goodwin_model/outputs/wealth_goodwin/old_output/plots/hopf_slice_phi2.png,42834,png
C:/ReposGitHub/goodwin_model/outputs/wealth_goodwin/old_output/plots/hopf_slice_psi.png,41209,png
C:/ReposGitHub/goodwin_model/outputs/wealth_goodwin/old_output/plots/hopf_slice_sigma.png,22795,png
C:/ReposGitHub/goodwin_model/outputs/wealth_goodwin/old_output/plots/hopf_surface_cloud_3d.html,3952229,html
C:/ReposGitHub/goodwin_model/outputs/wealth_goodwin/old_output/plots/hopf_surface_cloud_3d.png,153887,png
C:/ReposGitHub/goodwin_model/outputs/wealth_goodwin/old_output/plots/hopf_surface_cloud_3d_files/crosstalk-1.2.1/css/crosstalk.min.css,1307,css
C:/ReposGitHub/goodwin_model/outputs/wealth_goodwin/old_output/plots/hopf_surface_cloud_3d_files/crosstalk-1.2.1/js/crosstalk.js,50504,js
C:/ReposGitHub/goodwin_model/outputs/wealth_goodwin/old_output/plots/hopf_surface_cloud_3d_files/crosstalk-1.2.1/js/crosstalk.js.map,54889,map
C:/ReposGitHub/goodwin_model/outputs/wealth_goodwin/old_output/plots/hopf_surface_cloud_3d_files/crosstalk-1.2.1/js/crosstalk.min.js,18926,js
C:/ReposGitHub/goodwin_model/outputs/wealth_goodwin/old_output/plots/hopf_surface_cloud_3d_files/crosstalk-1.2.1/js/crosstalk.min.js.map,50338,map
C:/ReposGitHub/goodwin_model/outputs/wealth_goodwin/old_output/plots/hopf_surface_cloud_3d_files/crosstalk-1.2.1/scss/crosstalk.scss,1891,scss
C:/ReposGitHub/goodwin_model/outputs/wealth_goodwin/old_output/plots/hopf_surface_cloud_3d_files/htmltools-fill-0.5.8.1/fill.css,606,css
C:/ReposGitHub/goodwin_model/outputs/wealth_goodwin/old_output/plots/hopf_surface_cloud_3d_files/htmlwidgets-1.6.4/htmlwidgets.js,34091,js
C:/ReposGitHub/goodwin_model/outputs/wealth_goodwin/old_output/plots/hopf_surface_cloud_3d_files/jquery-3.5.1/jquery-AUTHORS.txt,13726,txt
C:/ReposGitHub/goodwin_model/outputs/wealth_goodwin/old_output/plots/hopf_surface_cloud_3d_files/jquery-3.5.1/jquery.js,298502,js
C:/ReposGitHub/goodwin_model/outputs/wealth_goodwin/old_output/plots/hopf_surface_cloud_3d_files/jquery-3.5.1/jquery.min.js,89478,js
C:/ReposGitHub/goodwin_model/outputs/wealth_goodwin/old_output/plots/hopf_surface_cloud_3d_files/jquery-3.5.1/jquery.min.map,137986,map
C:/ReposGitHub/goodwin_model/outputs/wealth_goodwin/old_output/plots/hopf_surface_cloud_3d_files/plotly-binding-4.10.4/plotly.js,34699,js
C:/ReposGitHub/goodwin_model/outputs/wealth_goodwin/old_output/plots/hopf_surface_cloud_3d_files/plotly-htmlwidgets-css-2.11.1/plotly-htmlwidgets.css,182,css
C:/ReposGitHub/goodwin_model/outputs/wealth_goodwin/old_output/plots/hopf_surface_cloud_3d_files/plotly-main-2.11.1/plotly-latest.min.js,3665901,js
C:/ReposGitHub/goodwin_model/outputs/wealth_goodwin/old_output/plots/hopf_surface_cloud_3d_files/typedarray-0.1/typedarray.min.js,22444,js
C:/ReposGitHub/goodwin_model/outputs/wealth_goodwin/old_output/plots/hopf_surface_slice_psi.html,3874438,html
C:/ReposGitHub/goodwin_model/outputs/wealth_goodwin/old_output/plots/hopf_surface_slice_psi.png,198326,png
C:/ReposGitHub/goodwin_model/outputs/wealth_goodwin/old_output/plots/hopf_surface_slice_psi_files/crosstalk-1.2.1/css/crosstalk.min.css,1307,css
C:/ReposGitHub/goodwin_model/outputs/wealth_goodwin/old_output/plots/hopf_surface_slice_psi_files/crosstalk-1.2.1/js/crosstalk.js,50504,js
C:/ReposGitHub/goodwin_model/outputs/wealth_goodwin/old_output/plots/hopf_surface_slice_psi_files/crosstalk-1.2.1/js/crosstalk.js.map,54889,map
C:/ReposGitHub/goodwin_model/outputs/wealth_goodwin/old_output/plots/hopf_surface_slice_psi_files/crosstalk-1.2.1/js/crosstalk.min.js,18926,js
C:/ReposGitHub/goodwin_model/outputs/wealth_goodwin/old_output/plots/hopf_surface_slice_psi_files/crosstalk-1.2.1/js/crosstalk.min.js.map,50338,map
C:/ReposGitHub/goodwin_model/outputs/wealth_goodwin/old_output/plots/hopf_surface_slice_psi_files/crosstalk-1.2.1/scss/crosstalk.scss,1891,scss
C:/ReposGitHub/goodwin_model/outputs/wealth_goodwin/old_output/plots/hopf_surface_slice_psi_files/htmltools-fill-0.5.8.1/fill.css,606,css
C:/ReposGitHub/goodwin_model/outputs/wealth_goodwin/old_output/plots/hopf_surface_slice_psi_files/htmlwidgets-1.6.4/htmlwidgets.js,34091,js
C:/ReposGitHub/goodwin_model/outputs/wealth_goodwin/old_output/plots/hopf_surface_slice_psi_files/jquery-3.5.1/jquery-AUTHORS.txt,13726,txt
C:/ReposGitHub/goodwin_model/outputs/wealth_goodwin/old_output/plots/hopf_surface_slice_psi_files/jquery-3.5.1/jquery.js,298502,js
C:/ReposGitHub/goodwin_model/outputs/wealth_goodwin/old_output/plots/hopf_surface_slice_psi_files/jquery-3.5.1/jquery.min.js,89478,js
C:/ReposGitHub/goodwin_model/outputs/wealth_goodwin/old_output/plots/hopf_surface_slice_psi_files/jquery-3.5.1/jquery.min.map,137986,map
C:/ReposGitHub/goodwin_model/outputs/wealth_goodwin/old_output/plots/hopf_surface_slice_psi_files/plotly-binding-4.10.4/plotly.js,34699,js
C:/ReposGitHub/goodwin_model/outputs/wealth_goodwin/old_output/plots/hopf_surface_slice_psi_files/plotly-htmlwidgets-css-2.11.1/plotly-htmlwidgets.css,182,css
C:/ReposGitHub/goodwin_model/outputs/wealth_goodwin/old_output/plots/hopf_surface_slice_psi_files/plotly-main-2.11.1/plotly-latest.min.js,3665901,js
C:/ReposGitHub/goodwin_model/outputs/wealth_goodwin/old_output/plots/hopf_surface_slice_psi_files/typedarray-0.1/typedarray.min.js,22444,js
C:/ReposGitHub/goodwin_model/outputs/wealth_goodwin/old_output/plots/hopf_tiles_psi_phi2_by_sigma.png,82145,png
C:/ReposGitHub/goodwin_model/outputs/wealth_goodwin/old_output/plots/hopf_tiles_sigma_phi2_by_psi.png,83834,png
C:/ReposGitHub/goodwin_model/outputs/wealth_goodwin/old_output/plots/hopf_tiles_sigma_psi_by_phi2.png,92608,png
C:/ReposGitHub/goodwin_model/outputs/wealth_goodwin/old_output/resultados_v2/phase_end_d_vs_omega_lambda_aboveHopf.png,52924,png
C:/ReposGitHub/goodwin_model/outputs/wealth_goodwin/old_output/resultados_v2/phase_end_d_vs_omega_lambda_belowHopf.png,47098,png
C:/ReposGitHub/goodwin_model/outputs/wealth_goodwin/old_output/resultados_v2/phase_end_omega_vs_e_lambda_aboveHopf.png,55153,png
C:/ReposGitHub/goodwin_model/outputs/wealth_goodwin/old_output/resultados_v2/phase_end_omega_vs_e_lambda_belowHopf.png,56882,png
C:/ReposGitHub/goodwin_model/outputs/wealth_goodwin/old_output/resultados_v2/phase_end_u_vs_d_lambda_aboveHopf.png,57973,png
C:/ReposGitHub/goodwin_model/outputs/wealth_goodwin/old_output/resultados_v2/phase_end_u_vs_d_lambda_belowHopf.png,54867,png
C:/ReposGitHub/goodwin_model/outputs/wealth_goodwin/old_output/resultados_v2/phase_end_xi_vs_d_lambda_aboveHopf.png,44949,png
C:/ReposGitHub/goodwin_model/outputs/wealth_goodwin/old_output/resultados_v2/phase_end_xi_vs_d_lambda_belowHopf.png,43141,png
C:/ReposGitHub/goodwin_model/outputs/wealth_goodwin/old_output/resultados_v2/phase_end_xi_vs_u_lambda_aboveHopf.png,42461,png
C:/ReposGitHub/goodwin_model/outputs/wealth_goodwin/old_output/resultados_v2/phase_end_xi_vs_u_lambda_belowHopf.png,42661,png
C:/ReposGitHub/goodwin_model/outputs/wealth_goodwin/old_output/resultados_v2/tail_zoom_lambda_aboveHopf.png,109267,png
C:/ReposGitHub/goodwin_model/outputs/wealth_goodwin/old_output/resultados_v2/tail_zoom_lambda_belowHopf.png,111304,png
C:/ReposGitHub/goodwin_model/outputs/wealth_goodwin/old_output/resultados_v2/timeseries_end_lambda_aboveHopf.png,104748,png
C:/ReposGitHub/goodwin_model/outputs/wealth_goodwin/old_output/resultados_v2/timeseries_end_lambda_belowHopf.png,100389,png
C:/ReposGitHub/goodwin_model/outputs/wealth_goodwin/old_output/scenario_phase_omega_vs_e_phi1_0.100_lambda_above_72.00.png,249946,png
C:/ReposGitHub/goodwin_model/outputs/wealth_goodwin/old_output/scenario_phase_omega_vs_e_phi1_0.100_lambda_below_42.00.png,103452,png
C:/ReposGitHub/goodwin_model/outputs/wealth_goodwin/old_output/scenario_phase_omega_vs_e_phi1_0.100_lambda_near_58.80.png,364071,png
C:/ReposGitHub/goodwin_model/outputs/wealth_goodwin/old_output/scenario_phase_xi_vs_d_phi1_0.100_lambda_above_72.00.png,120852,png
C:/ReposGitHub/goodwin_model/outputs/wealth_goodwin/old_output/scenario_phase_xi_vs_d_phi1_0.100_lambda_below_42.00.png,39470,png
C:/ReposGitHub/goodwin_model/outputs/wealth_goodwin/old_output/scenario_phase_xi_vs_d_phi1_0.100_lambda_near_58.80.png,67878,png
C:/ReposGitHub/goodwin_model/outputs/wealth_goodwin/old_output/scenario_sim_phi1_0.100_lambda_above_72.00.csv,4231792,csv
C:/ReposGitHub/goodwin_model/outputs/wealth_goodwin/old_output/scenario_sim_phi1_0.100_lambda_below_42.00.csv,4203688,csv
C:/ReposGitHub/goodwin_model/outputs/wealth_goodwin/old_output/scenario_sim_phi1_0.100_lambda_near_58.80.csv,4227762,csv
C:/ReposGitHub/goodwin_model/outputs/wealth_goodwin/old_output/scenario_timeseries_phi1_0.100_lambda_above_72.00.png,197162,png
C:/ReposGitHub/goodwin_model/outputs/wealth_goodwin/old_output/scenario_timeseries_phi1_0.100_lambda_below_42.00.png,130747,png
C:/ReposGitHub/goodwin_model/outputs/wealth_goodwin/old_output/scenario_timeseries_phi1_0.100_lambda_near_58.80.png,230930,png
C:/ReposGitHub/goodwin_model/outputs/wealth_goodwin/old_output/stage1_explorative/finance_lambda_aboveHopf.png,77701,png
C:/ReposGitHub/goodwin_model/outputs/wealth_goodwin/old_output/stage1_explorative/finance_lambda_belowHopf.png,78433,png
C:/ReposGitHub/goodwin_model/outputs/wealth_goodwin/old_output/stage1_explorative/inequality_lambda_aboveHopf.png,66684,png
C:/ReposGitHub/goodwin_model/outputs/wealth_goodwin/old_output/stage1_explorative/inequality_lambda_belowHopf.png,64961,png
C:/ReposGitHub/goodwin_model/outputs/wealth_goodwin/old_output/stage1_explorative/phase_end_d_vs_omega_lambda_aboveHopf.png,49620,png
C:/ReposGitHub/goodwin_model/outputs/wealth_goodwin/old_output/stage1_explorative/phase_end_d_vs_omega_lambda_belowHopf.png,44118,png
C:/ReposGitHub/goodwin_model/outputs/wealth_goodwin/old_output/stage1_explorative/phase_end_omega_vs_e_lambda_aboveHopf.png,51485,png
C:/ReposGitHub/goodwin_model/outputs/wealth_goodwin/old_output/stage1_explorative/phase_end_omega_vs_e_lambda_belowHopf.png,53654,png
C:/ReposGitHub/goodwin_model/outputs/wealth_goodwin/old_output/stage1_explorative/phase_end_u_vs_d_lambda_aboveHopf.png,53715,png
C:/ReposGitHub/goodwin_model/outputs/wealth_goodwin/old_output/stage1_explorative/phase_end_u_vs_d_lambda_belowHopf.png,51210,png
C:/ReposGitHub/goodwin_model/outputs/wealth_goodwin/old_output/stage1_explorative/phase_end_xi_vs_d_lambda_aboveHopf.png,44949,png
C:/ReposGitHub/goodwin_model/outputs/wealth_goodwin/old_output/stage1_explorative/phase_end_xi_vs_d_lambda_belowHopf.png,43141,png
C:/ReposGitHub/goodwin_model/outputs/wealth_goodwin/old_output/stage1_explorative/phase_end_xi_vs_u_lambda_aboveHopf.png,42461,png
C:/ReposGitHub/goodwin_model/outputs/wealth_goodwin/old_output/stage1_explorative/phase_end_xi_vs_u_lambda_belowHopf.png,42661,png
C:/ReposGitHub/goodwin_model/outputs/wealth_goodwin/old_output/stage1_explorative/regime_summary.csv,1059,csv
C:/ReposGitHub/goodwin_model/outputs/wealth_goodwin/old_output/stage1_explorative/states_u_lambda_aboveHopf.png,67667,png
C:/ReposGitHub/goodwin_model/outputs/wealth_goodwin/old_output/stage1_explorative/states_u_lambda_belowHopf.png,63259,png
C:/ReposGitHub/goodwin_model/outputs/wealth_goodwin/old_output/stage1_explorative/tail_zoom_lambda_aboveHopf.png,109267,png
C:/ReposGitHub/goodwin_model/outputs/wealth_goodwin/old_output/stage1_explorative/tail_zoom_lambda_belowHopf.png,111304,png
C:/ReposGitHub/goodwin_model/outputs/wealth_goodwin/old_output/stage1_explorative/timeseries_end_lambda_aboveHopf.png,97968,png
C:/ReposGitHub/goodwin_model/outputs/wealth_goodwin/old_output/stage1_explorative/timeseries_end_lambda_belowHopf.png,93458,png
C:/ReposGitHub/goodwin_model/outputs/wealth_goodwin/old_output/wealth_inequality/FIG_A_hopf_plane_signH_phi1_lambda.png,37485,png
C:/ReposGitHub/goodwin_model/outputs/wealth_goodwin/old_output/wealth_inequality/FIG_B_hopf_plane_signH_r0_lambda.png,49059,png
C:/ReposGitHub/goodwin_model/outputs/wealth_goodwin/old_output/wealth_inequality/FIG_C_hopf_plane_signH_phi1_i.png,37478,png
C:/ReposGitHub/goodwin_model/outputs/wealth_goodwin/old_output/wealth_inequality/PLOT_plane_H_quantiles.png,26016,png
C:/ReposGitHub/goodwin_model/outputs/wealth_goodwin/old_output/wealth_inequality/PLOT_plane_selection_scatter.png,59508,png
C:/ReposGitHub/goodwin_model/outputs/wealth_goodwin/old_output/wealth_inequality/PLOT_scenarios_amplitudes_vs_lambdaRel.png,100961,png
C:/ReposGitHub/goodwin_model/outputs/wealth_goodwin/old_output/wealth_inequality/PLOT_scenarios_period_vs_lambdaRel.png,41751,png
C:/ReposGitHub/goodwin_model/outputs/wealth_goodwin/old_output/wealth_inequality/TABLE_outputs_review_manifest.csv,1495,csv
C:/ReposGitHub/goodwin_model/outputs/wealth_goodwin/old_output/wealth_inequality/TABLE_plane_H_audit.csv,730,csv
C:/ReposGitHub/goodwin_model/outputs/wealth_goodwin/old_output/wealth_inequality/TABLE_plane_ranking_tidy.csv,873,csv
C:/ReposGitHub/goodwin_model/outputs/wealth_goodwin/old_output/wealth_inequality/TABLE_scenarios_audit_reclassified.csv,2824,csv
C:/ReposGitHub/goodwin_model/outputs/wealth_goodwin/old_output/wealth_inequality/TABLE_scenarios_tail_diagnostics.csv,2886,csv
C:/ReposGitHub/goodwin_model/outputs/wealth_goodwin/old_output/wealth_inequality/TABLE_scenarios_tidy.csv,2886,csv
C:/ReposGitHub/goodwin_model/outputs/wealth_goodwin/old_output/wealth_inequality/hopf_plane_phi1_i.csv,2597625,csv
C:/ReposGitHub/goodwin_model/outputs/wealth_goodwin/old_output/wealth_inequality/hopf_plane_phi1_lambda.csv,2525424,csv
C:/ReposGitHub/goodwin_model/outputs/wealth_goodwin/old_output/wealth_inequality/hopf_plane_r0_lambda.csv,2788608,csv
C:/ReposGitHub/goodwin_model/outputs/wealth_goodwin/old_output/wealth_inequality/hopf_plane_scores.csv,1233,csv
C:/ReposGitHub/goodwin_model/outputs/wealth_goodwin/old_output/wealth_inequality/phase_end_omega_vs_e_fixed_phi1_0.100_lambda_above_72.00.png,194079,png
C:/ReposGitHub/goodwin_model/outputs/wealth_goodwin/old_output/wealth_inequality/phase_end_omega_vs_e_fixed_phi1_0.100_lambda_below_42.00.png,116878,png
C:/ReposGitHub/goodwin_model/outputs/wealth_goodwin/old_output/wealth_inequality/phase_end_omega_vs_e_fixed_phi1_0.100_lambda_near_58.80.png,354967,png
C:/ReposGitHub/goodwin_model/outputs/wealth_goodwin/old_output/wealth_inequality/phase_end_omega_vs_e_movingHopf_phi1_0.100_lamPre_51.00_lamPost_72.00_dbar_1.05.png,163011,png
C:/ReposGitHub/goodwin_model/outputs/wealth_goodwin/old_output/wealth_inequality/phase_end_omega_vs_e_movingHopf_phi1_0.100_lamPre_51.00_lamPost_72.00_r0Drift.png,139669,png
C:/ReposGitHub/goodwin_model/outputs/wealth_goodwin/old_output/wealth_inequality/phase_end_xi_vs_d_fixed_phi1_0.100_lambda_above_72.00.png,50157,png
C:/ReposGitHub/goodwin_model/outputs/wealth_goodwin/old_output/wealth_inequality/phase_end_xi_vs_d_fixed_phi1_0.100_lambda_below_42.00.png,80158,png
C:/ReposGitHub/goodwin_model/outputs/wealth_goodwin/old_output/wealth_inequality/phase_end_xi_vs_d_fixed_phi1_0.100_lambda_near_58.80.png,48539,png
C:/ReposGitHub/goodwin_model/outputs/wealth_goodwin/old_output/wealth_inequality/phase_end_xi_vs_d_movingHopf_phi1_0.100_lamPre_51.00_lamPost_72.00_dbar_1.05.png,63292,png
C:/ReposGitHub/goodwin_model/outputs/wealth_goodwin/old_output/wealth_inequality/phase_end_xi_vs_d_movingHopf_phi1_0.100_lamPre_51.00_lamPost_72.00_r0Drift.png,39893,png
C:/ReposGitHub/goodwin_model/outputs/wealth_goodwin/old_output/wealth_inequality/phase_tail_omega_vs_e_baseline_nearHopf_fixed_r0.png,47679,png
C:/ReposGitHub/goodwin_model/outputs/wealth_goodwin/old_output/wealth_inequality/phase_tail_omega_vs_e_boom_to_clash_r0_drift_with_ratchet.png,48358,png
C:/ReposGitHub/goodwin_model/outputs/wealth_goodwin/old_output/wealth_inequality/phase_tail_omega_vs_e_financialization_r0_drift_nearHopf.png,150709,png
C:/ReposGitHub/goodwin_model/outputs/wealth_goodwin/old_output/wealth_inequality/phase_tail_xi_vs_d_baseline_nearHopf_fixed_r0.png,40438,png
C:/ReposGitHub/goodwin_model/outputs/wealth_goodwin/old_output/wealth_inequality/phase_tail_xi_vs_d_boom_to_clash_r0_drift_with_ratchet.png,33931,png
C:/ReposGitHub/goodwin_model/outputs/wealth_goodwin/old_output/wealth_inequality/phase_tail_xi_vs_d_financialization_r0_drift_nearHopf.png,41134,png
C:/ReposGitHub/goodwin_model/outputs/wealth_goodwin/old_output/wealth_inequality/scenario_sim_baseline_nearHopf_fixed_r0.csv,1893075,csv
C:/ReposGitHub/goodwin_model/outputs/wealth_goodwin/old_output/wealth_inequality/scenario_sim_boom_to_clash_r0_drift_with_ratchet.csv,2279792,csv
C:/ReposGitHub/goodwin_model/outputs/wealth_goodwin/old_output/wealth_inequality/scenario_sim_financialization_r0_drift_nearHopf.csv,2488367,csv
C:/ReposGitHub/goodwin_model/outputs/wealth_goodwin/old_output/wealth_inequality/scenario_sim_fixed_phi1_0.100_lambda_above_72.00.csv,5214913,csv
C:/ReposGitHub/goodwin_model/outputs/wealth_goodwin/old_output/wealth_inequality/scenario_sim_fixed_phi1_0.100_lambda_below_42.00.csv,4966940,csv
C:/ReposGitHub/goodwin_model/outputs/wealth_goodwin/old_output/wealth_inequality/scenario_sim_fixed_phi1_0.100_lambda_near_58.80.csv,5208521,csv
C:/ReposGitHub/goodwin_model/outputs/wealth_goodwin/old_output/wealth_inequality/scenario_sim_movingHopf_phi1_0.100_lamPre_51.00_lamPost_72.00_dbar_1.05.csv,7145541,csv
C:/ReposGitHub/goodwin_model/outputs/wealth_goodwin/old_output/wealth_inequality/scenario_sim_movingHopf_phi1_0.100_lamPre_51.00_lamPost_72.00_r0Drift.csv,5612312,csv
C:/ReposGitHub/goodwin_model/outputs/wealth_goodwin/old_output/wealth_inequality/scenario_timeseries_baseline_nearHopf_fixed_r0.png,184928,png
C:/ReposGitHub/goodwin_model/outputs/wealth_goodwin/old_output/wealth_inequality/scenario_timeseries_boom_to_clash_r0_drift_with_ratchet.png,147036,png
C:/ReposGitHub/goodwin_model/outputs/wealth_goodwin/old_output/wealth_inequality/scenario_timeseries_financialization_r0_drift_nearHopf.png,194700,png
C:/ReposGitHub/goodwin_model/outputs/wealth_goodwin/old_output/wealth_inequality/scenario_timeseries_fixed_phi1_0.100_lambda_above_72.00.png,208802,png
C:/ReposGitHub/goodwin_model/outputs/wealth_goodwin/old_output/wealth_inequality/scenario_timeseries_fixed_phi1_0.100_lambda_below_42.00.png,169040,png
C:/ReposGitHub/goodwin_model/outputs/wealth_goodwin/old_output/wealth_inequality/scenario_timeseries_fixed_phi1_0.100_lambda_near_58.80.png,254439,png
C:/ReposGitHub/goodwin_model/outputs/wealth_goodwin/old_output/wealth_inequality/scenario_timeseries_movingHopf_phi1_0.100_lamPre_51.00_lamPost_72.00_dbar_1.05.png,184510,png
C:/ReposGitHub/goodwin_model/outputs/wealth_goodwin/old_output/wealth_inequality/scenario_timeseries_movingHopf_phi1_0.100_lamPre_51.00_lamPost_72.00_r0Drift.png,172330,png
C:/ReposGitHub/goodwin_model/outputs/wealth_goodwin/stage1_backbone/backbone_rate_by_kappa_max.csv,83,csv
C:/ReposGitHub/goodwin_model/outputs/wealth_goodwin/stage1_backbone/backbone_rate_by_kappa_max.png,15696,png
C:/ReposGitHub/goodwin_model/outputs/wealth_goodwin/stage1_backbone/d_vs_r.png,22652,png
C:/ReposGitHub/goodwin_model/outputs/wealth_goodwin/stage1_backbone/failure_reasons.csv,94,csv
C:/ReposGitHub/goodwin_model/outputs/wealth_goodwin/stage1_backbone/failure_reasons_by_kappa_max.csv,273,csv
C:/ReposGitHub/goodwin_model/outputs/wealth_goodwin/stage1_backbone/hist_d.png,21747,png
C:/ReposGitHub/goodwin_model/outputs/wealth_goodwin/stage1_backbone/hist_omega.png,25504,png
C:/ReposGitHub/goodwin_model/outputs/wealth_goodwin/stage1_backbone/omega_vs_r.png,28252,png
C:/ReposGitHub/goodwin_model/outputs/wealth_goodwin/stage1_backbone/reasons_by_kappa_max_tile.png,20120,png
C:/ReposGitHub/goodwin_model/outputs/wealth_goodwin/stage1_backbone/stage1_backbone.csv,78957,csv
C:/ReposGitHub/goodwin_model/outputs/wealth_goodwin/stage2_finance/candidates_top.csv,14848,csv
C:/ReposGitHub/goodwin_model/outputs/wealth_goodwin/stage2_finance/econ_ok_cloud.png,28871,png
C:/ReposGitHub/goodwin_model/outputs/wealth_goodwin/stage2_finance/f_vs_lambda.png,21067,png
C:/ReposGitHub/goodwin_model/outputs/wealth_goodwin/stage2_finance/failure_reasons.csv,99,csv
C:/ReposGitHub/goodwin_model/outputs/wealth_goodwin/stage2_finance/lambda_dist.png,24509,png
C:/ReposGitHub/goodwin_model/outputs/wealth_goodwin/stage2_finance/phi1_vs_e_implied.png,44904,png
C:/ReposGitHub/goodwin_model/outputs/wealth_goodwin/stage2_finance/stage2_finance_scan.csv,969502,csv
C:/ReposGitHub/goodwin_model/outputs/wealth_goodwin/stage3_stability/RH_ok_tiles.png,21762,png
C:/ReposGitHub/goodwin_model/outputs/wealth_goodwin/stage3_stability/failure_reasons.csv,17,csv
C:/ReposGitHub/goodwin_model/outputs/wealth_goodwin/stage3_stability/hopf_boundary_rFroot_phi2.png,24301,png
C:/ReposGitHub/goodwin_model/outputs/wealth_goodwin/stage3_stability/hopf_root_hist.png,16288,png
C:/ReposGitHub/goodwin_model/outputs/wealth_goodwin/stage3_stability/hopf_roots.csv,504902,csv
C:/ReposGitHub/goodwin_model/outputs/wealth_goodwin/stage3_stability/hopf_roots_scatter.png,16705,png
C:/ReposGitHub/goodwin_model/outputs/wealth_goodwin/stage3_stability/hopf_surface.csv,1950,csv
C:/ReposGitHub/goodwin_model/outputs/wealth_goodwin/stage3_stability/hopf_surface_cloud.png,32056,png
C:/ReposGitHub/goodwin_model/outputs/wealth_goodwin/stage3_stability/hopf_surface_contours.png,26694,png
C:/ReposGitHub/goodwin_model/outputs/wealth_goodwin/stage3_stability/hopf_surface_counts.png,22035,png
C:/ReposGitHub/goodwin_model/outputs/wealth_goodwin/stage3_stability/hopf_surface_slice_kmax_0.45_sigma_2.5.png,29133,png
C:/ReposGitHub/goodwin_model/outputs/wealth_goodwin/stage3_stability/hopf_surface_slice_kmax_045_sigma_25.png,76739,png
C:/ReposGitHub/goodwin_model/outputs/wealth_goodwin/stage3_stability/hopf_surface_tiles.png,22875,png
C:/ReposGitHub/goodwin_model/outputs/wealth_goodwin/stage3_stability/hopf_tiles.png,20553,png
C:/ReposGitHub/goodwin_model/outputs/wealth_goodwin/stage3_stability/hopf_transversality_map.png,24400,png
C:/ReposGitHub/goodwin_model/outputs/wealth_goodwin/stage3_stability/maxRe_tiles.png,27418,png
C:/ReposGitHub/goodwin_model/outputs/wealth_goodwin/stage3_stability/stability_tiles.png,18638,png
C:/ReposGitHub/goodwin_model/outputs/wealth_goodwin/stage3_stability/stage3_stability.csv,1229991,csv
C:/ReposGitHub/goodwin_model/outputs/wealth_goodwin/stage3_stability/table_hopf_summary.csv,436,csv
C:/ReposGitHub/goodwin_model/outputs/wealth_goodwin/stage3_stability/table_hopf_summary.tex,742,tex
C:/ReposGitHub/goodwin_model/outputs/wealth_goodwin/stage3_stability/table_stage3_summary.csv,271,csv
C:/ReposGitHub/goodwin_model/outputs/wealth_goodwin/stage3_stability/table_stage3_summary.tex,561,tex
C:/ReposGitHub/goodwin_model/outputs/wealth_goodwin/stage4_scoring/gate_diagnostics.csv,72,csv
C:/ReposGitHub/goodwin_model/outputs/wealth_goodwin/stage4_scoring/manifest_stage4.csv,2249,csv
C:/ReposGitHub/goodwin_model/outputs/wealth_goodwin/stage4_scoring/omega_hist.png,14815,png
C:/ReposGitHub/goodwin_model/outputs/wealth_goodwin/stage4_scoring/penalty_tradeoff_omega_sigma.png,17203,png
C:/ReposGitHub/goodwin_model/outputs/wealth_goodwin/stage4_scoring/score_hist.png,16128,png
C:/ReposGitHub/goodwin_model/outputs/wealth_goodwin/stage4_scoring/score_hopf_boundary_phi2.png,78380,png
C:/ReposGitHub/goodwin_model/outputs/wealth_goodwin/stage4_scoring/score_scatter_omega_sigma.png,20776,png
C:/ReposGitHub/goodwin_model/outputs/wealth_goodwin/stage4_scoring/shortlist_top20.tex,1565,tex
C:/ReposGitHub/goodwin_model/outputs/wealth_goodwin/stage4_scoring/shortlist_top20_GATED.tex,1807,tex
C:/ReposGitHub/goodwin_model/outputs/wealth_goodwin/stage4_scoring/stage4_scored_candidates.csv,1612014,csv
C:/ReposGitHub/goodwin_model/outputs/wealth_goodwin/stage4_scoring/stage4_scored_candidates_GATED.csv,244625,csv
C:/ReposGitHub/goodwin_model/outputs/wealth_goodwin/stage4_scoring/stage4_scored_candidates_GATED_RELAXED.csv,384386,csv
C:/ReposGitHub/goodwin_model/outputs/wealth_goodwin/stage4_scoring/stage4_scored_candidates_GATED_STRICT.csv,248539,csv
C:/ReposGitHub/goodwin_model/outputs/wealth_goodwin/stage4_scoring/stage4_shortlist_top20.csv,5011,csv
C:/ReposGitHub/goodwin_model/outputs/wealth_goodwin/stage4_scoring/stage4_shortlist_top20_ALL.csv,6655,csv
C:/ReposGitHub/goodwin_model/outputs/wealth_goodwin/stage4_scoring/stage4_shortlist_top20_GATED.csv,5486,csv
C:/ReposGitHub/goodwin_model/outputs/wealth_goodwin/stage4_scoring/stage4_shortlist_top50.csv,10259,csv
C:/ReposGitHub/goodwin_model/outputs/wealth_goodwin/stage4_scoring/stage4_shortlist_top50_ALL.csv,16316,csv
C:/ReposGitHub/goodwin_model/outputs/wealth_goodwin/stage4_scoring/stage4_shortlist_top50_GATED.csv,12958,csv
C:/ReposGitHub/goodwin_model/outputs/wealth_goodwin/stage4_scoring/stage4_shortlist_top50_GATED_RELAXED.csv,13009,csv
C:/ReposGitHub/goodwin_model/outputs/wealth_goodwin/stage4_scoring/stage4_shortlist_top50_GATED_STRICT.csv,13009,csv
C:/ReposGitHub/goodwin_model/outputs/wealth_goodwin/stage5_simulation/5A/stage5A_candidates.csv,14214,csv
C:/ReposGitHub/goodwin_model/outputs/wealth_goodwin/stage5_simulation/5B/stage5B2_expand_local_sweep.csv,139,csv
C:/ReposGitHub/goodwin_model/outputs/wealth_goodwin/stage5_simulation/5B/stage5B_flip_metrics.csv,14984,csv
C:/ReposGitHub/goodwin_model/outputs/wealth_goodwin/stage5_simulation/5C/stage5C_robustness.csv,97,csv
C:/ReposGitHub/goodwin_model/outputs/wealth_goodwin/stage5_simulation/5D/stage5D_ranked.csv,32022,csv
C:/ReposGitHub/goodwin_model/outputs/wealth_goodwin/stage5_simulation/5D/stage5D_top20.csv,13432,csv
C:/ReposGitHub/goodwin_model/outputs/wealth_goodwin/stage5_simulation/5E/diag_flip_presence_by_candidate.csv,3035,csv
C:/ReposGitHub/goodwin_model/outputs/wealth_goodwin/stage5_simulation/5E/diag_stage5_report.txt,1259,txt
C:/ReposGitHub/goodwin_model/outputs/wealth_goodwin/stage5_simulation/5E/stage5D_ranked_augmented.csv,32036,csv
C:/ReposGitHub/goodwin_model/outputs/wealth_goodwin/stage5_simulation/5E/stage5E_failure_mode_shares.csv,67,csv
C:/ReposGitHub/goodwin_model/outputs/wealth_goodwin/stage5_simulation/5E/stage5E_pivot_recommendation.txt,178,txt
C:/ReposGitHub/goodwin_model/outputs/wealth_goodwin/stage5_simulation/5E/stage5E_pivot_report.csv,407,csv
C:/ReposGitHub/goodwin_model/outputs/wealth_goodwin/stage5_simulation/stage5A_hopf_cert/stage5A_hopf_certified.csv,11471,csv
C:/ReposGitHub/goodwin_model/outputs/wealth_goodwin/stage5_simulation/stage5A_hopf_cert/stage5_candidate_pool.csv,10615,csv
C:/ReposGitHub/goodwin_model/outputs/wealth_goodwin/stage5_simulation/stage5B_sim/stage5B_cycle_metrics.csv,16093,csv
C:/ReposGitHub/goodwin_model/outputs/wealth_goodwin/stage5_simulation/stage5B_sim/traj_10_above.csv,1163122,csv
C:/ReposGitHub/goodwin_model/outputs/wealth_goodwin/stage5_simulation/stage5B_sim/traj_10_below.csv,1139065,csv
C:/ReposGitHub/goodwin_model/outputs/wealth_goodwin/stage5_simulation/stage5B_sim/traj_11_above.csv,1187624,csv
C:/ReposGitHub/goodwin_model/outputs/wealth_goodwin/stage5_simulation/stage5B_sim/traj_11_below.csv,1169502,csv
C:/ReposGitHub/goodwin_model/outputs/wealth_goodwin/stage5_simulation/stage5B_sim/traj_12_above.csv,1187486,csv
C:/ReposGitHub/goodwin_model/outputs/wealth_goodwin/stage5_simulation/stage5B_sim/traj_12_below.csv,1177950,csv
C:/ReposGitHub/goodwin_model/outputs/wealth_goodwin/stage5_simulation/stage5B_sim/traj_13_above.csv,1090968,csv
C:/ReposGitHub/goodwin_model/outputs/wealth_goodwin/stage5_simulation/stage5B_sim/traj_13_below.csv,1104189,csv
C:/ReposGitHub/goodwin_model/outputs/wealth_goodwin/stage5_simulation/stage5B_sim/traj_14_above.csv,1199280,csv
C:/ReposGitHub/goodwin_model/outputs/wealth_goodwin/stage5_simulation/stage5B_sim/traj_14_below.csv,1191184,csv
C:/ReposGitHub/goodwin_model/outputs/wealth_goodwin/stage5_simulation/stage5B_sim/traj_15_above.csv,1069168,csv
C:/ReposGitHub/goodwin_model/outputs/wealth_goodwin/stage5_simulation/stage5B_sim/traj_15_below.csv,1074168,csv
C:/ReposGitHub/goodwin_model/outputs/wealth_goodwin/stage5_simulation/stage5B_sim/traj_16_above.csv,1192132,csv
C:/ReposGitHub/goodwin_model/outputs/wealth_goodwin/stage5_simulation/stage5B_sim/traj_16_below.csv,1182229,csv
C:/ReposGitHub/goodwin_model/outputs/wealth_goodwin/stage5_simulation/stage5B_sim/traj_17_above.csv,1165259,csv
C:/ReposGitHub/goodwin_model/outputs/wealth_goodwin/stage5_simulation/stage5B_sim/traj_17_below.csv,1151973,csv
C:/ReposGitHub/goodwin_model/outputs/wealth_goodwin/stage5_simulation/stage5B_sim/traj_18_above.csv,1188798,csv
C:/ReposGitHub/goodwin_model/outputs/wealth_goodwin/stage5_simulation/stage5B_sim/traj_18_below.csv,1180363,csv
C:/ReposGitHub/goodwin_model/outputs/wealth_goodwin/stage5_simulation/stage5B_sim/traj_19_above.csv,1186938,csv
C:/ReposGitHub/goodwin_model/outputs/wealth_goodwin/stage5_simulation/stage5B_sim/traj_19_below.csv,1183075,csv
C:/ReposGitHub/goodwin_model/outputs/wealth_goodwin/stage5_simulation/stage5B_sim/traj_1_above.csv,1185897,csv
C:/ReposGitHub/goodwin_model/outputs/wealth_goodwin/stage5_simulation/stage5B_sim/traj_1_below.csv,1181068,csv
C:/ReposGitHub/goodwin_model/outputs/wealth_goodwin/stage5_simulation/stage5B_sim/traj_20_above.csv,1197594,csv
C:/ReposGitHub/goodwin_model/outputs/wealth_goodwin/stage5_simulation/stage5B_sim/traj_20_below.csv,1193372,csv
C:/ReposGitHub/goodwin_model/outputs/wealth_goodwin/stage5_simulation/stage5B_sim/traj_21_above.csv,1198642,csv
C:/ReposGitHub/goodwin_model/outputs/wealth_goodwin/stage5_simulation/stage5B_sim/traj_21_below.csv,1194765,csv
C:/ReposGitHub/goodwin_model/outputs/wealth_goodwin/stage5_simulation/stage5B_sim/traj_22_above.csv,1127736,csv
C:/ReposGitHub/goodwin_model/outputs/wealth_goodwin/stage5_simulation/stage5B_sim/traj_22_below.csv,1128578,csv
C:/ReposGitHub/goodwin_model/outputs/wealth_goodwin/stage5_simulation/stage5B_sim/traj_23_above.csv,1156033,csv
C:/ReposGitHub/goodwin_model/outputs/wealth_goodwin/stage5_simulation/stage5B_sim/traj_23_below.csv,1141204,csv
C:/ReposGitHub/goodwin_model/outputs/wealth_goodwin/stage5_simulation/stage5B_sim/traj_24_above.csv,1165884,csv
C:/ReposGitHub/goodwin_model/outputs/wealth_goodwin/stage5_simulation/stage5B_sim/traj_24_below.csv,1158086,csv
C:/ReposGitHub/goodwin_model/outputs/wealth_goodwin/stage5_simulation/stage5B_sim/traj_25_above.csv,1114626,csv
C:/ReposGitHub/goodwin_model/outputs/wealth_goodwin/stage5_simulation/stage5B_sim/traj_25_below.csv,1132744,csv
C:/ReposGitHub/goodwin_model/outputs/wealth_goodwin/stage5_simulation/stage5B_sim/traj_26_above.csv,1185885,csv
C:/ReposGitHub/goodwin_model/outputs/wealth_goodwin/stage5_simulation/stage5B_sim/traj_26_below.csv,1178300,csv
C:/ReposGitHub/goodwin_model/outputs/wealth_goodwin/stage5_simulation/stage5B_sim/traj_27_above.csv,1081664,csv
C:/ReposGitHub/goodwin_model/outputs/wealth_goodwin/stage5_simulation/stage5B_sim/traj_27_below.csv,1088629,csv
C:/ReposGitHub/goodwin_model/outputs/wealth_goodwin/stage5_simulation/stage5B_sim/traj_28_above.csv,1185457,csv
C:/ReposGitHub/goodwin_model/outputs/wealth_goodwin/stage5_simulation/stage5B_sim/traj_28_below.csv,1179403,csv
C:/ReposGitHub/goodwin_model/outputs/wealth_goodwin/stage5_simulation/stage5B_sim/traj_29_above.csv,1163175,csv
C:/ReposGitHub/goodwin_model/outputs/wealth_goodwin/stage5_simulation/stage5B_sim/traj_29_below.csv,1138962,csv
C:/ReposGitHub/goodwin_model/outputs/wealth_goodwin/stage5_simulation/stage5B_sim/traj_2_above.csv,1187087,csv
C:/ReposGitHub/goodwin_model/outputs/wealth_goodwin/stage5_simulation/stage5B_sim/traj_2_below.csv,1180081,csv
C:/ReposGitHub/goodwin_model/outputs/wealth_goodwin/stage5_simulation/stage5B_sim/traj_30_above.csv,1186914,csv
C:/ReposGitHub/goodwin_model/outputs/wealth_goodwin/stage5_simulation/stage5B_sim/traj_30_below.csv,1167924,csv
C:/ReposGitHub/goodwin_model/outputs/wealth_goodwin/stage5_simulation/stage5B_sim/traj_31_above.csv,1187368,csv
C:/ReposGitHub/goodwin_model/outputs/wealth_goodwin/stage5_simulation/stage5B_sim/traj_31_below.csv,1176680,csv
C:/ReposGitHub/goodwin_model/outputs/wealth_goodwin/stage5_simulation/stage5B_sim/traj_32_above.csv,1196705,csv
C:/ReposGitHub/goodwin_model/outputs/wealth_goodwin/stage5_simulation/stage5B_sim/traj_32_below.csv,1187658,csv
C:/ReposGitHub/goodwin_model/outputs/wealth_goodwin/stage5_simulation/stage5B_sim/traj_33_above.csv,1198970,csv
C:/ReposGitHub/goodwin_model/outputs/wealth_goodwin/stage5_simulation/stage5B_sim/traj_33_below.csv,1190841,csv
C:/ReposGitHub/goodwin_model/outputs/wealth_goodwin/stage5_simulation/stage5B_sim/traj_34_above.csv,1198803,csv
C:/ReposGitHub/goodwin_model/outputs/wealth_goodwin/stage5_simulation/stage5B_sim/traj_34_below.csv,1194549,csv
C:/ReposGitHub/goodwin_model/outputs/wealth_goodwin/stage5_simulation/stage5B_sim/traj_35_above.csv,1190705,csv
C:/ReposGitHub/goodwin_model/outputs/wealth_goodwin/stage5_simulation/stage5B_sim/traj_35_below.csv,1181700,csv
C:/ReposGitHub/goodwin_model/outputs/wealth_goodwin/stage5_simulation/stage5B_sim/traj_36_above.csv,1164866,csv
C:/ReposGitHub/goodwin_model/outputs/wealth_goodwin/stage5_simulation/stage5B_sim/traj_36_below.csv,1152515,csv
C:/ReposGitHub/goodwin_model/outputs/wealth_goodwin/stage5_simulation/stage5B_sim/traj_37_above.csv,1187380,csv
C:/ReposGitHub/goodwin_model/outputs/wealth_goodwin/stage5_simulation/stage5B_sim/traj_37_below.csv,1179744,csv
C:/ReposGitHub/goodwin_model/outputs/wealth_goodwin/stage5_simulation/stage5B_sim/traj_38_above.csv,1197866,csv
C:/ReposGitHub/goodwin_model/outputs/wealth_goodwin/stage5_simulation/stage5B_sim/traj_38_below.csv,1187424,csv
C:/ReposGitHub/goodwin_model/outputs/wealth_goodwin/stage5_simulation/stage5B_sim/traj_39_above.csv,1196427,csv
C:/ReposGitHub/goodwin_model/outputs/wealth_goodwin/stage5_simulation/stage5B_sim/traj_39_below.csv,1192972,csv
C:/ReposGitHub/goodwin_model/outputs/wealth_goodwin/stage5_simulation/stage5B_sim/traj_3_above.csv,1193178,csv
C:/ReposGitHub/goodwin_model/outputs/wealth_goodwin/stage5_simulation/stage5B_sim/traj_3_below.csv,1182841,csv
C:/ReposGitHub/goodwin_model/outputs/wealth_goodwin/stage5_simulation/stage5B_sim/traj_40_above.csv,1197582,csv
C:/ReposGitHub/goodwin_model/outputs/wealth_goodwin/stage5_simulation/stage5B_sim/traj_40_below.csv,1194398,csv
C:/ReposGitHub/goodwin_model/outputs/wealth_goodwin/stage5_simulation/stage5B_sim/traj_4_above.csv,1165430,csv
C:/ReposGitHub/goodwin_model/outputs/wealth_goodwin/stage5_simulation/stage5B_sim/traj_4_below.csv,1153459,csv
C:/ReposGitHub/goodwin_model/outputs/wealth_goodwin/stage5_simulation/stage5B_sim/traj_5_above.csv,1189335,csv
C:/ReposGitHub/goodwin_model/outputs/wealth_goodwin/stage5_simulation/stage5B_sim/traj_5_below.csv,1180674,csv
C:/ReposGitHub/goodwin_model/outputs/wealth_goodwin/stage5_simulation/stage5B_sim/traj_6_above.csv,1131822,csv
C:/ReposGitHub/goodwin_model/outputs/wealth_goodwin/stage5_simulation/stage5B_sim/traj_6_below.csv,1186093,csv
C:/ReposGitHub/goodwin_model/outputs/wealth_goodwin/stage5_simulation/stage5B_sim/traj_7_above.csv,1091033,csv
C:/ReposGitHub/goodwin_model/outputs/wealth_goodwin/stage5_simulation/stage5B_sim/traj_7_below.csv,1096196,csv
C:/ReposGitHub/goodwin_model/outputs/wealth_goodwin/stage5_simulation/stage5B_sim/traj_8_above.csv,1199483,csv
C:/ReposGitHub/goodwin_model/outputs/wealth_goodwin/stage5_simulation/stage5B_sim/traj_8_below.csv,1196975,csv
C:/ReposGitHub/goodwin_model/outputs/wealth_goodwin/stage5_simulation/stage5B_sim/traj_9_above.csv,1186254,csv
C:/ReposGitHub/goodwin_model/outputs/wealth_goodwin/stage5_simulation/stage5B_sim/traj_9_below.csv,1179489,csv
C:/ReposGitHub/goodwin_model/outputs/wealth_goodwin/stage5_simulation/stage5C_robust/robustness_summary.csv,422,csv
